{"gameDetails":{"round":67,"maxRounds":400,"mapWidth":16,"mapHeight":8,"roundIncomeEnergy":5,"buildingPrices":{"TESLA":100,"DEFENSE":30,"ATTACK":30,"ENERGY":20},"buildingsStats":{"TESLA":{"health":5,"constructionTime":10,"price":100,"weaponDamage":20,"weaponSpeed":0,"weaponCooldownPeriod":10,"energyGeneratedPerTurn":0,"destroyMultiplier":10,"constructionScore":20},"DEFENSE":{"health":20,"constructionTime":3,"price":30,"weaponDamage":0,"weaponSpeed":0,"weaponCooldownPeriod":0,"energyGeneratedPerTurn":0,"destroyMultiplier":1,"constructionScore":10},"ATTACK":{"health":5,"constructionTime":1,"price":30,"weaponDamage":5,"weaponSpeed":2,"weaponCooldownPeriod":3,"energyGeneratedPerTurn":0,"destroyMultiplier":1,"constructionScore":4},"ENERGY":{"health":5,"constructionTime":1,"price":20,"weaponDamage":0,"weaponSpeed":0,"weaponCooldownPeriod":0,"energyGeneratedPerTurn":3,"destroyMultiplier":1,"constructionScore":3}},"ironCurtainStats":{"activeRounds":6,"resetPeriod":30,"price":100,"constructionScore":20}},"players":[{"playerType":"B","energy":142,"health":5,"hitsTaken":19,"score":2755,"ironCurtainAvailable":true,"activeIronCurtainLifetime":-7,"isIronCurtainActive":false},{"playerType":"A","energy":147,"health":100,"hitsTaken":0,"score":4331,"ironCurtainAvailable":true,"activeIronCurtainLifetime":-7,"isIronCurtainActive":false}],"gameMap":[[{"x":0,"y":0,"buildings":[{"health":5,"constructionTimeLeft":-66,"price":20,"weaponDamage":0,"weaponSpeed":0,"weaponCooldownTimeLeft":0,"weaponCooldownPeriod":0,"destroyMultiplier":1,"constructionScore":3,"energyGeneratedPerTurn":3,"maxRange":0,"buildingType":"ENERGY","energyPerShot":0,"x":0,"y":0,"playerType":"A"}],"missiles":[],"cellOwner":"A"},{"x":1,"y":0,"buildings":[{"health":5,"constructionTimeLeft":-63,"price":20,"weaponDamage":0,"weaponSpeed":0,"weaponCooldownTimeLeft":0,"weaponCooldownPeriod":0,"destroyMultiplier":1,"constructionScore":3,"energyGeneratedPerTurn":3,"maxRange":0,"buildingType":"ENERGY","energyPerShot":0,"x":1,"y":0,"playerType":"A"}],"missiles":[],"cellOwner":"A"},{"x":2,"y":0,"buildings":[{"health":5,"constructionTimeLeft":-61,"price":20,"weaponDamage":0,"weaponSpeed":0,"weaponCooldownTimeLeft":0,"weaponCooldownPeriod":0,"destroyMultiplier":1,"constructionScore":3,"energyGeneratedPerTurn":3,"maxRange":0,"buildingType":"ENERGY","energyPerShot":0,"x":2,"y":0,"playerType":"A"}],"missiles":[],"cellOwner":"A"},{"x":3,"y":0,"buildings":[{"health":5,"constructionTimeLeft":-59,"price":20,"weaponDamage":0,"weaponSpeed":0,"weaponCooldownTimeLeft":0,"weaponCooldownPeriod":0,"destroyMultiplier":1,"constructionScore":3,"energyGeneratedPerTurn":3,"maxRange":0,"buildingType":"ENERGY","energyPerShot":0,"x":3,"y":0,"playerType":"A"}],"missiles":[],"cellOwner":"A"},{"x":4,"y":0,"buildings":[{"health":5,"constructionTimeLeft":-47,"price":20,"weaponDamage":0,"weaponSpeed":0,"weaponCooldownTimeLeft":0,"weaponCooldownPeriod":0,"destroyMultiplier":1,"constructionScore":3,"energyGeneratedPerTurn":3,"maxRange":0,"buildingType":"ENERGY","energyPerShot":0,"x":4,"y":0,"playerType":"A"}],"missiles":[],"cellOwner":"A"},{"x":5,"y":0,"buildings":[],"missiles":[],"cellOwner":"A"},{"x":6,"y":0,"buildings":[],"missiles":[],"cellOwner":"A"},{"x":7,"y":0,"buildings":[{"health":20,"constructionTimeLeft":2,"price":30,"weaponDamage":0,"weaponSpeed":0,"weaponCooldownTimeLeft":0,"weaponCooldownPeriod":0,"destroyMultiplier":1,"constructionScore":10,"energyGeneratedPerTurn":0,"maxRange":0,"buildingType":"DEFENSE","energyPerShot":0,"x":7,"y":0,"playerType":"A"}],"missiles":[],"cellOwner":"A"},{"x":8,"y":0,"buildings":[{"health":20,"constructionTimeLeft":-48,"price":30,"weaponDamage":0,"weaponSpeed":0,"weaponCooldownTimeLeft":0,"weaponCooldownPeriod":0,"destroyMultiplier":1,"constructionScore":10,"energyGeneratedPerTurn":0,"maxRange":0,"buildingType":"DEFENSE","energyPerShot":0,"x":8,"y":0,"playerType":"B"}],"missiles":[],"cellOwner":"B"},{"x":9,"y":0,"buildings":[{"health":5,"constructionTimeLeft":-52,"price":20,"weaponDamage":0,"weaponSpeed":0,"weaponCooldownTimeLeft":0,"weaponCooldownPeriod":0,"destroyMultiplier":1,"constructionScore":3,"energyGeneratedPerTurn":3,"maxRange":0,"buildingType":"ENERGY","energyPerShot":0,"x":9,"y":0,"playerType":"B"}],"missiles":[],"cellOwner":"B"},{"x":10,"y":0,"buildings":[{"health":5,"constructionTimeLeft":-53,"price":20,"weaponDamage":0,"weaponSpeed":0,"weaponCooldownTimeLeft":0,"weaponCooldownPeriod":0,"destroyMultiplier":1,"constructionScore":3,"energyGeneratedPerTurn":3,"maxRange":0,"buildingType":"ENERGY","energyPerShot":0,"x":10,"y":0,"playerType":"B"}],"missiles":[],"cellOwner":"B"},{"x":11,"y":0,"buildings":[{"health":5,"constructionTimeLeft":-54,"price":20,"weaponDamage":0,"weaponSpeed":0,"weaponCooldownTimeLeft":0,"weaponCooldownPeriod":0,"destroyMultiplier":1,"constructionScore":3,"energyGeneratedPerTurn":3,"maxRange":0,"buildingType":"ENERGY","energyPerShot":0,"x":11,"y":0,"playerType":"B"}],"missiles":[],"cellOwner":"B"},{"x":12,"y":0,"buildings":[{"health":5,"constructionTimeLeft":-55,"price":20,"weaponDamage":0,"weaponSpeed":0,"weaponCooldownTimeLeft":0,"weaponCooldownPeriod":0,"destroyMultiplier":1,"constructionScore":3,"energyGeneratedPerTurn":3,"maxRange":0,"buildingType":"ENERGY","energyPerShot":0,"x":12,"y":0,"playerType":"B"}],"missiles":[{"damage":5,"speed":2,"id":"9279c2bc-67bf-4504-89a7-2fb3aa604620","x":12,"y":0,"playerType":"B"}],"cellOwner":"B"},{"x":13,"y":0,"buildings":[{"health":5,"constructionTimeLeft":-56,"price":20,"weaponDamage":0,"weaponSpeed":0,"weaponCooldownTimeLeft":0,"weaponCooldownPeriod":0,"destroyMultiplier":1,"constructionScore":3,"energyGeneratedPerTurn":3,"maxRange":0,"buildingType":"ENERGY","energyPerShot":0,"x":13,"y":0,"playerType":"B"}],"missiles":[],"cellOwner":"B"},{"x":14,"y":0,"buildings":[{"health":5,"constructionTimeLeft":-57,"price":30,"weaponDamage":5,"weaponSpeed":2,"weaponCooldownTimeLeft":3,"weaponCooldownPeriod":3,"destroyMultiplier":1,"constructionScore":4,"energyGeneratedPerTurn":0,"maxRange":0,"buildingType":"ATTACK","energyPerShot":0,"x":14,"y":0,"playerType":"B"}],"missiles":[],"cellOwner":"B"},{"x":15,"y":0,"buildings":[{"health":5,"constructionTimeLeft":-66,"price":20,"weaponDamage":0,"weaponSpeed":0,"weaponCooldownTimeLeft":0,"weaponCooldownPeriod":0,"destroyMultiplier":1,"constructionScore":3,"energyGeneratedPerTurn":3,"maxRange":0,"buildingType":"ENERGY","energyPerShot":0,"x":15,"y":0,"playerType":"B"}],"missiles":[],"cellOwner":"B"}],[{"x":0,"y":1,"buildings":[{"health":5,"constructionTimeLeft":-55,"price":20,"weaponDamage":0,"weaponSpeed":0,"weaponCooldownTimeLeft":0,"weaponCooldownPeriod":0,"destroyMultiplier":1,"constructionScore":3,"energyGeneratedPerTurn":3,"maxRange":0,"buildingType":"ENERGY","energyPerShot":0,"x":0,"y":1,"playerType":"A"}],"missiles":[],"cellOwner":"A"},{"x":1,"y":1,"buildings":[{"health":5,"constructionTimeLeft":-54,"price":20,"weaponDamage":0,"weaponSpeed":0,"weaponCooldownTimeLeft":0,"weaponCooldownPeriod":0,"destroyMultiplier":1,"constructionScore":3,"energyGeneratedPerTurn":3,"maxRange":0,"buildingType":"ENERGY","energyPerShot":0,"x":1,"y":1,"playerType":"A"}],"missiles":[],"cellOwner":"A"},{"x":2,"y":1,"buildings":[{"health":5,"constructionTimeLeft":-53,"price":20,"weaponDamage":0,"weaponSpeed":0,"weaponCooldownTimeLeft":0,"weaponCooldownPeriod":0,"destroyMultiplier":1,"constructionScore":3,"energyGeneratedPerTurn":3,"maxRange":0,"buildingType":"ENERGY","energyPerShot":0,"x":2,"y":1,"playerType":"A"}],"missiles":[],"cellOwner":"A"},{"x":3,"y":1,"buildings":[{"health":5,"constructionTimeLeft":-52,"price":20,"weaponDamage":0,"weaponSpeed":0,"weaponCooldownTimeLeft":0,"weaponCooldownPeriod":0,"destroyMultiplier":1,"constructionScore":3,"energyGeneratedPerTurn":3,"maxRange":0,"buildingType":"ENERGY","energyPerShot":0,"x":3,"y":1,"playerType":"A"}],"missiles":[],"cellOwner":"A"},{"x":4,"y":1,"buildings":[],"missiles":[],"cellOwner":"A"},{"x":5,"y":1,"buildings":[],"missiles":[],"cellOwner":"A"},{"x":6,"y":1,"buildings":[],"missiles":[],"cellOwner":"A"},{"x":7,"y":1,"buildings":[],"missiles":[],"cellOwner":"A"},{"x":8,"y":1,"buildings":[],"missiles":[],"cellOwner":"B"},{"x":9,"y":1,"buildings":[],"missiles":[],"cellOwner":"B"},{"x":10,"y":1,"buildings":[],"missiles":[],"cellOwner":"B"},{"x":11,"y":1,"buildings":[],"missiles":[],"cellOwner":"B"},{"x":12,"y":1,"buildings":[],"missiles":[],"cellOwner":"B"},{"x":13,"y":1,"buildings":[],"missiles":[],"cellOwner":"B"},{"x":14,"y":1,"buildings":[],"missiles":[],"cellOwner":"B"},{"x":15,"y":1,"buildings":[{"health":5,"constructionTimeLeft":-63,"price":20,"weaponDamage":0,"weaponSpeed":0,"weaponCooldownTimeLeft":0,"weaponCooldownPeriod":0,"destroyMultiplier":1,"constructionScore":3,"energyGeneratedPerTurn":3,"maxRange":0,"buildingType":"ENERGY","energyPerShot":0,"x":15,"y":1,"playerType":"B"}],"missiles":[],"cellOwner":"B"}],[{"x":0,"y":2,"buildings":[],"missiles":[],"cellOwner":"A"},{"x":1,"y":2,"buildings":[],"missiles":[],"cellOwner":"A"},{"x":2,"y":2,"buildings":[],"missiles":[],"cellOwner":"A"},{"x":3,"y":2,"buildings":[],"missiles":[],"cellOwner":"A"},{"x":4,"y":2,"buildings":[],"missiles":[],"cellOwner":"A"},{"x":5,"y":2,"buildings":[],"missiles":[],"cellOwner":"A"},{"x":6,"y":2,"buildings":[],"missiles":[],"cellOwner":"A"},{"x":7,"y":2,"buildings":[],"missiles":[],"cellOwner":"A"},{"x":8,"y":2,"buildings":[],"missiles":[],"cellOwner":"B"},{"x":9,"y":2,"buildings":[],"missiles":[],"cellOwner":"B"},{"x":10,"y":2,"buildings":[],"missiles":[],"cellOwner":"B"},{"x":11,"y":2,"buildings":[],"missiles":[],"cellOwner":"B"},{"x":12,"y":2,"buildings":[],"missiles":[],"cellOwner":"B"},{"x":13,"y":2,"buildings":[],"missiles":[],"cellOwner":"B"},{"x":14,"y":2,"buildings":[],"missiles":[],"cellOwner":"B"},{"x":15,"y":2,"buildings":[{"health":5,"constructionTimeLeft":-61,"price":20,"weaponDamage":0,"weaponSpeed":0,"weaponCooldownTimeLeft":0,"weaponCooldownPeriod":0,"destroyMultiplier":1,"constructionScore":3,"energyGeneratedPerTurn":3,"maxRange":0,"buildingType":"ENERGY","energyPerShot":0,"x":15,"y":2,"playerType":"B"}],"missiles":[],"cellOwner":"B"}],[{"x":0,"y":3,"buildings":[],"missiles":[],"cellOwner":"A"},{"x":1,"y":3,"buildings":[],"missiles":[],"cellOwner":"A"},{"x":2,"y":3,"buildings":[],"missiles":[],"cellOwner":"A"},{"x":3,"y":3,"buildings":[],"missiles":[],"cellOwner":"A"},{"x":4,"y":3,"buildings":[{"health":5,"constructionTimeLeft":-2,"price":30,"weaponDamage":5,"weaponSpeed":2,"weaponCooldownTimeLeft":2,"weaponCooldownPeriod":3,"destroyMultiplier":1,"constructionScore":4,"energyGeneratedPerTurn":0,"maxRange":0,"buildingType":"ATTACK","energyPerShot":0,"x":4,"y":3,"playerType":"A"}],"missiles":[],"cellOwner":"A"},{"x":5,"y":3,"buildings":[{"health":5,"constructionTimeLeft":-3,"price":30,"weaponDamage":5,"weaponSpeed":2,"weaponCooldownTimeLeft":1,"weaponCooldownPeriod":3,"destroyMultiplier":1,"constructionScore":4,"energyGeneratedPerTurn":0,"maxRange":0,"buildingType":"ATTACK","energyPerShot":0,"x":5,"y":3,"playerType":"A"}],"missiles":[],"cellOwner":"A"},{"x":6,"y":3,"buildings":[],"missiles":[],"cellOwner":"A"},{"x":7,"y":3,"buildings":[],"missiles":[],"cellOwner":"A"},{"x":8,"y":3,"buildings":[],"missiles":[{"damage":5,"speed":2,"id":"9df8cad6-b60f-449a-9d7f-1c4978e0d63d","x":8,"y":3,"playerType":"A"}],"cellOwner":"B"},{"x":9,"y":3,"buildings":[],"missiles":[],"cellOwner":"B"},{"x":10,"y":3,"buildings":[],"missiles":[],"cellOwner":"B"},{"x":11,"y":3,"buildings":[],"missiles":[{"damage":5,"speed":2,"id":"9e5f44ea-15e0-4670-bc18-69b340435756","x":11,"y":3,"playerType":"A"}],"cellOwner":"B"},{"x":12,"y":3,"buildings":[],"missiles":[],"cellOwner":"B"},{"x":13,"y":3,"buildings":[],"missiles":[],"cellOwner":"B"},{"x":14,"y":3,"buildings":[],"missiles":[],"cellOwner":"B"},{"x":15,"y":3,"buildings":[{"health":5,"constructionTimeLeft":-59,"price":20,"weaponDamage":0,"weaponSpeed":0,"weaponCooldownTimeLeft":0,"weaponCooldownPeriod":0,"destroyMultiplier":1,"constructionScore":3,"energyGeneratedPerTurn":3,"maxRange":0,"buildingType":"ENERGY","energyPerShot":0,"x":15,"y":3,"playerType":"B"}],"missiles":[],"cellOwner":"B"}],[{"x":0,"y":4,"buildings":[{"health":5,"constructionTimeLeft":-4,"price":30,"weaponDamage":5,"weaponSpeed":2,"weaponCooldownTimeLeft":0,"weaponCooldownPeriod":3,"destroyMultiplier":1,"constructionScore":4,"energyGeneratedPerTurn":0,"maxRange":0,"buildingType":"ATTACK","energyPerShot":0,"x":0,"y":4,"playerType":"A"}],"missiles":[],"cellOwner":"A"},{"x":1,"y":4,"buildings":[{"health":5,"constructionTimeLeft":-5,"price":30,"weaponDamage":5,"weaponSpeed":2,"weaponCooldownTimeLeft":3,"weaponCooldownPeriod":3,"destroyMultiplier":1,"constructionScore":4,"energyGeneratedPerTurn":0,"maxRange":0,"buildingType":"ATTACK","energyPerShot":0,"x":1,"y":4,"playerType":"A"}],"missiles":[],"cellOwner":"A"},{"x":2,"y":4,"buildings":[{"health":5,"constructionTimeLeft":-6,"price":30,"weaponDamage":5,"weaponSpeed":2,"weaponCooldownTimeLeft":2,"weaponCooldownPeriod":3,"destroyMultiplier":1,"constructionScore":4,"energyGeneratedPerTurn":0,"maxRange":0,"buildingType":"ATTACK","energyPerShot":0,"x":2,"y":4,"playerType":"A"}],"missiles":[],"cellOwner":"A"},{"x":3,"y":4,"buildings":[{"health":5,"constructionTimeLeft":-7,"price":30,"weaponDamage":5,"weaponSpeed":2,"weaponCooldownTimeLeft":1,"weaponCooldownPeriod":3,"destroyMultiplier":1,"constructionScore":4,"energyGeneratedPerTurn":0,"maxRange":0,"buildingType":"ATTACK","energyPerShot":0,"x":3,"y":4,"playerType":"A"}],"missiles":[{"damage":5,"speed":2,"id":"68cbc219-19ac-4e53-97b4-6d044ece0615","x":3,"y":4,"playerType":"A"}],"cellOwner":"A"},{"x":4,"y":4,"buildings":[{"health":5,"constructionTimeLeft":-9,"price":30,"weaponDamage":5,"weaponSpeed":2,"weaponCooldownTimeLeft":3,"weaponCooldownPeriod":3,"destroyMultiplier":1,"constructionScore":4,"energyGeneratedPerTurn":0,"maxRange":0,"buildingType":"ATTACK","energyPerShot":0,"x":4,"y":4,"playerType":"A"}],"missiles":[],"cellOwner":"A"},{"x":5,"y":4,"buildings":[{"health":5,"constructionTimeLeft":-10,"price":30,"weaponDamage":5,"weaponSpeed":2,"weaponCooldownTimeLeft":2,"weaponCooldownPeriod":3,"destroyMultiplier":1,"constructionScore":4,"energyGeneratedPerTurn":0,"maxRange":0,"buildingType":"ATTACK","energyPerShot":0,"x":5,"y":4,"playerType":"A"}],"missiles":[],"cellOwner":"A"},{"x":6,"y":4,"buildings":[],"missiles":[{"damage":5,"speed":2,"id":"f28b1d9d-724a-45e7-93b7-396ce68ee4e5","x":6,"y":4,"playerType":"A"},{"damage":5,"speed":2,"id":"f2198ed9-3fe6-40a5-ab60-f356fa97973e","x":6,"y":4,"playerType":"A"}],"cellOwner":"A"},{"x":7,"y":4,"buildings":[],"missiles":[],"cellOwner":"A"},{"x":8,"y":4,"buildings":[],"missiles":[{"damage":5,"speed":2,"id":"67f65065-b6d5-4ce7-8394-bc318f2948e5","x":8,"y":4,"playerType":"A"}],"cellOwner":"B"},{"x":9,"y":4,"buildings":[],"missiles":[{"damage":5,"speed":2,"id":"ba2740cf-7622-4722-bc93-99ae27c1118e","x":9,"y":4,"playerType":"A"}],"cellOwner":"B"},{"x":10,"y":4,"buildings":[],"missiles":[],"cellOwner":"B"},{"x":11,"y":4,"buildings":[],"missiles":[],"cellOwner":"B"},{"x":12,"y":4,"buildings":[],"missiles":[],"cellOwner":"B"},{"x":13,"y":4,"buildings":[],"missiles":[],"cellOwner":"B"},{"x":14,"y":4,"buildings":[],"missiles":[],"cellOwner":"B"},{"x":15,"y":4,"buildings":[],"missiles":[],"cellOwner":"B"}],[{"x":0,"y":5,"buildings":[{"health":5,"constructionTimeLeft":-11,"price":30,"weaponDamage":5,"weaponSpeed":2,"weaponCooldownTimeLeft":1,"weaponCooldownPeriod":3,"destroyMultiplier":1,"constructionScore":4,"energyGeneratedPerTurn":0,"maxRange":0,"buildingType":"ATTACK","energyPerShot":0,"x":0,"y":5,"playerType":"A"}],"missiles":[],"cellOwner":"A"},{"x":1,"y":5,"buildings":[{"health":5,"constructionTimeLeft":-13,"price":30,"weaponDamage":5,"weaponSpeed":2,"weaponCooldownTimeLeft":3,"weaponCooldownPeriod":3,"destroyMultiplier":1,"constructionScore":4,"energyGeneratedPerTurn":0,"maxRange":0,"buildingType":"ATTACK","energyPerShot":0,"x":1,"y":5,"playerType":"A"}],"missiles":[],"cellOwner":"A"},{"x":2,"y":5,"buildings":[{"health":5,"constructionTimeLeft":-20,"price":30,"weaponDamage":5,"weaponSpeed":2,"weaponCooldownTimeLeft":0,"weaponCooldownPeriod":3,"destroyMultiplier":1,"constructionScore":4,"energyGeneratedPerTurn":0,"maxRange":0,"buildingType":"ATTACK","energyPerShot":0,"x":2,"y":5,"playerType":"A"}],"missiles":[],"cellOwner":"A"},{"x":3,"y":5,"buildings":[{"health":5,"constructionTimeLeft":-23,"price":30,"weaponDamage":5,"weaponSpeed":2,"weaponCooldownTimeLeft":1,"weaponCooldownPeriod":3,"destroyMultiplier":1,"constructionScore":4,"energyGeneratedPerTurn":0,"maxRange":0,"buildingType":"ATTACK","energyPerShot":0,"x":3,"y":5,"playerType":"A"}],"missiles":[{"damage":5,"speed":2,"id":"68c982ee-58b9-4ff0-9d0c-9b1e9c8c782a","x":3,"y":5,"playerType":"A"}],"cellOwner":"A"},{"x":4,"y":5,"buildings":[{"health":5,"constructionTimeLeft":-24,"price":30,"weaponDamage":5,"weaponSpeed":2,"weaponCooldownTimeLeft":0,"weaponCooldownPeriod":3,"destroyMultiplier":1,"constructionScore":4,"energyGeneratedPerTurn":0,"maxRange":0,"buildingType":"ATTACK","energyPerShot":0,"x":4,"y":5,"playerType":"A"}],"missiles":[],"cellOwner":"A"},{"x":5,"y":5,"buildings":[{"health":5,"constructionTimeLeft":-25,"price":30,"weaponDamage":5,"weaponSpeed":2,"weaponCooldownTimeLeft":3,"weaponCooldownPeriod":3,"destroyMultiplier":1,"constructionScore":4,"energyGeneratedPerTurn":0,"maxRange":0,"buildingType":"ATTACK","energyPerShot":0,"x":5,"y":5,"playerType":"A"}],"missiles":[],"cellOwner":"A"},{"x":6,"y":5,"buildings":[],"missiles":[{"damage":5,"speed":2,"id":"450ea3a1-00e9-45f0-89ba-c5822cd96374","x":6,"y":5,"playerType":"A"}],"cellOwner":"A"},{"x":7,"y":5,"buildings":[],"missiles":[{"damage":5,"speed":2,"id":"056839b4-44e5-48a4-bda8-b3a3767e556b","x":7,"y":5,"playerType":"A"}],"cellOwner":"A"},{"x":8,"y":5,"buildings":[],"missiles":[],"cellOwner":"B"},{"x":9,"y":5,"buildings":[{"health":20,"constructionTimeLeft":1,"price":30,"weaponDamage":0,"weaponSpeed":0,"weaponCooldownTimeLeft":0,"weaponCooldownPeriod":0,"destroyMultiplier":1,"constructionScore":10,"energyGeneratedPerTurn":0,"maxRange":0,"buildingType":"DEFENSE","energyPerShot":0,"x":9,"y":5,"playerType":"B"}],"missiles":[{"damage":5,"speed":2,"id":"4ea3e7ae-5892-490d-8a05-6845d075b357","x":9,"y":5,"playerType":"A"}],"cellOwner":"B"},{"x":10,"y":5,"buildings":[],"missiles":[{"damage":5,"speed":2,"id":"4d1b37cc-ab1f-4c85-9907-628f2881a835","x":10,"y":5,"playerType":"A"}],"cellOwner":"B"},{"x":11,"y":5,"buildings":[],"missiles":[{"damage":5,"speed":2,"id":"e6dbaa11-abe8-4231-b1bc-fcb07728208d","x":11,"y":5,"playerType":"A"}],"cellOwner":"B"},{"x":12,"y":5,"buildings":[],"missiles":[{"damage":5,"speed":2,"id":"b2f1450c-32f3-4112-a833-7e35c385ec35","x":12,"y":5,"playerType":"A"}],"cellOwner":"B"},{"x":13,"y":5,"buildings":[],"missiles":[],"cellOwner":"B"},{"x":14,"y":5,"buildings":[],"missiles":[],"cellOwner":"B"},{"x":15,"y":5,"buildings":[],"missiles":[],"cellOwner":"B"}],[{"x":0,"y":6,"buildings":[{"health":5,"constructionTimeLeft":-26,"price":30,"weaponDamage":5,"weaponSpeed":2,"weaponCooldownTimeLeft":2,"weaponCooldownPeriod":3,"destroyMultiplier":1,"constructionScore":4,"energyGeneratedPerTurn":0,"maxRange":0,"buildingType":"ATTACK","energyPerShot":0,"x":0,"y":6,"playerType":"A"}],"missiles":[],"cellOwner":"A"},{"x":1,"y":6,"buildings":[{"health":5,"constructionTimeLeft":-27,"price":30,"weaponDamage":5,"weaponSpeed":2,"weaponCooldownTimeLeft":1,"weaponCooldownPeriod":3,"destroyMultiplier":1,"constructionScore":4,"energyGeneratedPerTurn":0,"maxRange":0,"buildingType":"ATTACK","energyPerShot":0,"x":1,"y":6,"playerType":"A"}],"missiles":[],"cellOwner":"A"},{"x":2,"y":6,"buildings":[{"health":5,"constructionTimeLeft":-37,"price":30,"weaponDamage":5,"weaponSpeed":2,"weaponCooldownTimeLeft":3,"weaponCooldownPeriod":3,"destroyMultiplier":1,"constructionScore":4,"energyGeneratedPerTurn":0,"maxRange":0,"buildingType":"ATTACK","energyPerShot":0,"x":2,"y":6,"playerType":"A"}],"missiles":[],"cellOwner":"A"},{"x":3,"y":6,"buildings":[{"health":5,"constructionTimeLeft":-38,"price":30,"weaponDamage":5,"weaponSpeed":2,"weaponCooldownTimeLeft":2,"weaponCooldownPeriod":3,"destroyMultiplier":1,"constructionScore":4,"energyGeneratedPerTurn":0,"maxRange":0,"buildingType":"ATTACK","energyPerShot":0,"x":3,"y":6,"playerType":"A"}],"missiles":[],"cellOwner":"A"},{"x":4,"y":6,"buildings":[{"health":5,"constructionTimeLeft":-39,"price":30,"weaponDamage":5,"weaponSpeed":2,"weaponCooldownTimeLeft":1,"weaponCooldownPeriod":3,"destroyMultiplier":1,"constructionScore":4,"energyGeneratedPerTurn":0,"maxRange":0,"buildingType":"ATTACK","energyPerShot":0,"x":4,"y":6,"playerType":"A"}],"missiles":[{"damage":5,"speed":2,"id":"63cff873-9125-45da-a686-229996a6fa2c","x":4,"y":6,"playerType":"A"},{"damage":5,"speed":2,"id":"66cd78f7-fe90-425c-a3ff-d7a86493a088","x":4,"y":6,"playerType":"A"}],"cellOwner":"A"},{"x":5,"y":6,"buildings":[],"missiles":[],"cellOwner":"A"},{"x":6,"y":6,"buildings":[],"missiles":[],"cellOwner":"A"},{"x":7,"y":6,"buildings":[{"health":20,"constructionTimeLeft":1,"price":30,"weaponDamage":0,"weaponSpeed":0,"weaponCooldownTimeLeft":0,"weaponCooldownPeriod":0,"destroyMultiplier":1,"constructionScore":10,"energyGeneratedPerTurn":0,"maxRange":0,"buildingType":"DEFENSE","energyPerShot":0,"x":7,"y":6,"playerType":"A"}],"missiles":[{"damage":5,"speed":2,"id":"1c31e747-8955-4277-861d-82c3d5bcb240","x":7,"y":6,"playerType":"A"},{"damage":5,"speed":2,"id":"d4e1a838-cd11-4651-ba8f-3e6f2f3523b8","x":7,"y":6,"playerType":"B"},{"damage":5,"speed":2,"id":"2d0a4164-083d-4a40-bd8e-dee96a2eefa1","x":7,"y":6,"playerType":"A"}],"cellOwner":"A"},{"x":8,"y":6,"buildings":[{"health":20,"constructionTimeLeft":2,"price":30,"weaponDamage":0,"weaponSpeed":0,"weaponCooldownTimeLeft":0,"weaponCooldownPeriod":0,"destroyMultiplier":1,"constructionScore":10,"energyGeneratedPerTurn":0,"maxRange":0,"buildingType":"DEFENSE","energyPerShot":0,"x":8,"y":6,"playerType":"B"}],"missiles":[],"cellOwner":"B"},{"x":9,"y":6,"buildings":[{"health":5,"constructionTimeLeft":-2,"price":30,"weaponDamage":0,"weaponSpeed":0,"weaponCooldownTimeLeft":0,"weaponCooldownPeriod":0,"destroyMultiplier":1,"constructionScore":10,"energyGeneratedPerTurn":0,"maxRange":0,"buildingType":"DEFENSE","energyPerShot":0,"x":9,"y":6,"playerType":"B"}],"missiles":[],"cellOwner":"B"},{"x":10,"y":6,"buildings":[{"health":20,"constructionTimeLeft":-4,"price":30,"weaponDamage":0,"weaponSpeed":0,"weaponCooldownTimeLeft":0,"weaponCooldownPeriod":0,"destroyMultiplier":1,"constructionScore":10,"energyGeneratedPerTurn":0,"maxRange":0,"buildingType":"DEFENSE","energyPerShot":0,"x":10,"y":6,"playerType":"B"}],"missiles":[{"damage":5,"speed":2,"id":"32242c56-2820-45e8-bddd-f375c3b93543","x":10,"y":6,"playerType":"B"}],"cellOwner":"B"},{"x":11,"y":6,"buildings":[{"health":5,"constructionTimeLeft":-3,"price":30,"weaponDamage":5,"weaponSpeed":2,"weaponCooldownTimeLeft":1,"weaponCooldownPeriod":3,"destroyMultiplier":1,"constructionScore":4,"energyGeneratedPerTurn":0,"maxRange":0,"buildingType":"ATTACK","energyPerShot":0,"x":11,"y":6,"playerType":"B"}],"missiles":[],"cellOwner":"B"},{"x":12,"y":6,"buildings":[{"health":5,"constructionTimeLeft":-16,"price":30,"weaponDamage":5,"weaponSpeed":2,"weaponCooldownTimeLeft":0,"weaponCooldownPeriod":3,"destroyMultiplier":1,"constructionScore":4,"energyGeneratedPerTurn":0,"maxRange":0,"buildingType":"ATTACK","energyPerShot":0,"x":12,"y":6,"playerType":"B"}],"missiles":[],"cellOwner":"B"},{"x":13,"y":6,"buildings":[{"health":5,"constructionTimeLeft":-27,"price":30,"weaponDamage":5,"weaponSpeed":2,"weaponCooldownTimeLeft":1,"weaponCooldownPeriod":3,"destroyMultiplier":1,"constructionScore":4,"energyGeneratedPerTurn":0,"maxRange":0,"buildingType":"ATTACK","energyPerShot":0,"x":13,"y":6,"playerType":"B"}],"missiles":[],"cellOwner":"B"},{"x":14,"y":6,"buildings":[{"health":5,"constructionTimeLeft":-34,"price":30,"weaponDamage":5,"weaponSpeed":2,"weaponCooldownTimeLeft":2,"weaponCooldownPeriod":3,"destroyMultiplier":1,"constructionScore":4,"energyGeneratedPerTurn":0,"maxRange":0,"buildingType":"ATTACK","energyPerShot":0,"x":14,"y":6,"playerType":"B"}],"missiles":[],"cellOwner":"B"},{"x":15,"y":6,"buildings":[{"health":20,"constructionTimeLeft":-13,"price":30,"weaponDamage":0,"weaponSpeed":0,"weaponCooldownTimeLeft":0,"weaponCooldownPeriod":0,"destroyMultiplier":1,"constructionScore":10,"energyGeneratedPerTurn":0,"maxRange":0,"buildingType":"DEFENSE","energyPerShot":0,"x":15,"y":6,"playerType":"B"}],"missiles":[],"cellOwner":"B"}],[{"x":0,"y":7,"buildings":[{"health":5,"constructionTimeLeft":-41,"price":30,"weaponDamage":5,"weaponSpeed":2,"weaponCooldownTimeLeft":3,"weaponCooldownPeriod":3,"destroyMultiplier":1,"constructionScore":4,"energyGeneratedPerTurn":0,"maxRange":0,"buildingType":"ATTACK","energyPerShot":0,"x":0,"y":7,"playerType":"A"}],"missiles":[],"cellOwner":"A"},{"x":1,"y":7,"buildings":[{"health":5,"constructionTimeLeft":-43,"price":30,"weaponDamage":5,"weaponSpeed":2,"weaponCooldownTimeLeft":1,"weaponCooldownPeriod":3,"destroyMultiplier":1,"constructionScore":4,"energyGeneratedPerTurn":0,"maxRange":0,"buildingType":"ATTACK","energyPerShot":0,"x":1,"y":7,"playerType":"A"}],"missiles":[],"cellOwner":"A"},{"x":2,"y":7,"buildings":[{"health":5,"constructionTimeLeft":-44,"price":30,"weaponDamage":5,"weaponSpeed":2,"weaponCooldownTimeLeft":0,"weaponCooldownPeriod":3,"destroyMultiplier":1,"constructionScore":4,"energyGeneratedPerTurn":0,"maxRange":0,"buildingType":"ATTACK","energyPerShot":0,"x":2,"y":7,"playerType":"A"}],"missiles":[{"damage":5,"speed":2,"id":"5b68dc8f-0d7c-4690-9ba7-63e6d67a1067","x":2,"y":7,"playerType":"A"}],"cellOwner":"A"},{"x":3,"y":7,"buildings":[{"health":5,"constructionTimeLeft":-45,"price":30,"weaponDamage":5,"weaponSpeed":2,"weaponCooldownTimeLeft":3,"weaponCooldownPeriod":3,"destroyMultiplier":1,"constructionScore":4,"energyGeneratedPerTurn":0,"maxRange":0,"buildingType":"ATTACK","energyPerShot":0,"x":3,"y":7,"playerType":"A"}],"missiles":[],"cellOwner":"A"},{"x":4,"y":7,"buildings":[{"health":5,"constructionTimeLeft":-14,"price":30,"weaponDamage":5,"weaponSpeed":2,"weaponCooldownTimeLeft":2,"weaponCooldownPeriod":3,"destroyMultiplier":1,"constructionScore":4,"energyGeneratedPerTurn":0,"maxRange":0,"buildingType":"ATTACK","energyPerShot":0,"x":4,"y":7,"playerType":"A"}],"missiles":[],"cellOwner":"A"},{"x":5,"y":7,"buildings":[{"health":5,"constructionTimeLeft":-17,"price":30,"weaponDamage":5,"weaponSpeed":2,"weaponCooldownTimeLeft":3,"weaponCooldownPeriod":3,"destroyMultiplier":1,"constructionScore":4,"energyGeneratedPerTurn":0,"maxRange":0,"buildingType":"ATTACK","energyPerShot":0,"x":5,"y":7,"playerType":"A"}],"missiles":[{"damage":5,"speed":2,"id":"3db7e118-a6bd-43e3-a290-0b9847403d27","x":5,"y":7,"playerType":"A"}],"cellOwner":"A"},{"x":6,"y":7,"buildings":[{"health":20,"constructionTimeLeft":-17,"price":30,"weaponDamage":0,"weaponSpeed":0,"weaponCooldownTimeLeft":0,"weaponCooldownPeriod":0,"destroyMultiplier":1,"constructionScore":10,"energyGeneratedPerTurn":0,"maxRange":0,"buildingType":"DEFENSE","energyPerShot":0,"x":6,"y":7,"playerType":"A"}],"missiles":[],"cellOwner":"A"},{"x":7,"y":7,"buildings":[],"missiles":[{"damage":5,"speed":2,"id":"6d9d4a6e-33ee-4542-a6b4-1a33da3259c9","x":7,"y":7,"playerType":"A"},{"damage":5,"speed":2,"id":"18fcaf82-47dd-4aa8-bcf0-a452e6a9e2fc","x":7,"y":7,"playerType":"A"}],"cellOwner":"A"},{"x":8,"y":7,"buildings":[],"missiles":[{"damage":5,"speed":2,"id":"e6daae84-bee1-47b8-8b3b-0f8953b4009d","x":8,"y":7,"playerType":"A"}],"cellOwner":"B"},{"x":9,"y":7,"buildings":[{"health":20,"constructionTimeLeft":0,"price":30,"weaponDamage":0,"weaponSpeed":0,"weaponCooldownTimeLeft":0,"weaponCooldownPeriod":0,"destroyMultiplier":1,"constructionScore":10,"energyGeneratedPerTurn":0,"maxRange":0,"buildingType":"DEFENSE","energyPerShot":0,"x":9,"y":7,"playerType":"B"}],"missiles":[],"cellOwner":"B"},{"x":10,"y":7,"buildings":[],"missiles":[{"damage":5,"speed":2,"id":"c36e7452-fe8f-411f-90cd-0031ea559030","x":10,"y":7,"playerType":"A"},{"damage":5,"speed":2,"id":"a439a3b3-f01e-4f0a-a38e-cf3dc41d2ced","x":10,"y":7,"playerType":"A"}],"cellOwner":"B"},{"x":11,"y":7,"buildings":[],"missiles":[],"cellOwner":"B"},{"x":12,"y":7,"buildings":[],"missiles":[],"cellOwner":"B"},{"x":13,"y":7,"buildings":[],"missiles":[{"damage":5,"speed":2,"id":"62aeddb8-90d7-46a3-b7e0-5165bf33466c","x":13,"y":7,"playerType":"A"}],"cellOwner":"B"},{"x":14,"y":7,"buildings":[],"missiles":[],"cellOwner":"B"},{"x":15,"y":7,"buildings":[],"missiles":[{"damage":5,"speed":2,"id":"0807c3d8-f41c-4e2b-a932-0cc59761a6b7","x":15,"y":7,"playerType":"A"},{"damage":5,"speed":2,"id":"957c670f-639b-4f69-aee1-2d7e25f583a5","x":15,"y":7,"playerType":"A"}],"cellOwner":"B"}]],"teslaHitList":[],"ironCurtainHitList":[]}